<?xml version="1.0" encoding="UTF-8"?>
<root logo="logotype/logo.png" link="http://www.google.com">

<media>
	<images>immagini/Texture___Nouveau_Pattern_2_by_Dori_Stock.jpg</images>
	<title><font color="#999900" face="Verdana, Geneva, sans-serif" size="15px">Lorem ipsum dolor sit amet, consectetur adipiscing elit.</font></title>
	<text><font color="#333300" face="Verdana, Geneva, sans-serif" size="10px">Lorem ipsum dolor sit amet, consectetur adipiscing elit.</font></text>
</media>


<media link="http://www.nazzilla.com">
	<images>immagini/3433362649_213f817df8_o.jpg</images>
	<title><font color="#ff5500" face="Georgia, Times New Roman, Times, serif" size="15px">Lorem ipsum dolor sit amet, consectetur adipiscing elit.</font></title>
	<text><font color="#cc3300" face="Georgia, Times New Roman, Times, serif" size="10px">Lorem ipsum dolor sit amet, consectetur adipiscing elit.</font></text>

</media>

<media>
	<images>immagini/3861770171_d4d70da432_o.jpg</images>
	<title><font color="#ce9911" face="Georgia, Times New Roman, Times, serif" size="15px">Lorem ipsum dolor sit amet, consectetur adipiscing elit.</font></title>
	<text><font color="#aa33ff" face="Georgia, Times New Roman, Times, serif" size="10px">Lorem ipsum dolor sit amet, consectetur adipiscing elit.</font></text>
	
</media>

<media>
	<images>immagini/veined_marble_2052054.jpg</images>
	<title><font color="#ee9900" face="Tahoma, Geneva, sans-serif" size="15px">Lorem ipsum dolor sit amet, consectetur adipiscing elit.</font></title>
	<text><font color="#33ff00" face="Lucida Sans Unicode, Lucida Grande, sans-serif" size="10px">Lorem ipsum dolor sit amet, consectetur adipiscing elit.</font></text>
</media>



</root>


