<config>
	<confirm_registration attr_confirm_registration="1"></confirm_registration>
	<day_carrello_is_valid attr_day_carrello_is_valid="7"></day_carrello_is_valid>
	<del_carrello_on_exit attr_del_carrello_on_exit="0"></del_carrello_on_exit>
	<dir_down_prod attr_dir_down_prod="/app_data/"></dir_down_prod>
	<dir_editor_upload attr_dir_editor_upload="/public/upload/wysiwyg_editor/"></dir_editor_upload>
	<dir_upload_user attr_dir_upload_user="/public/upload/files/user/"></dir_upload_user>
	<dir_upload_news attr_dir_upload_news="/public/upload/files/news/"></dir_upload_news>
	<dir_upload_prod attr_dir_upload_prod="/public/upload/files/prod/"></dir_upload_prod>
	<dir_upload_templ attr_dir_upload_templ="/public/templates/"></dir_upload_templ>
	<mail_bcc attr_mail_bcc=""></mail_bcc>
	<mail_cc attr_mail_cc=""></mail_cc>
	<mail_order_bcc attr_mail_order_bcc=""></mail_order_bcc>
	<mail_order_cc attr_mail_order_cc=""></mail_order_cc>
	<!--nsys-nemesiconfig1--><mail_order_receiver attr_mail_order_receiver=""></mail_order_receiver><!---nsys-nemesiconfig1-->
	<!--nsys-nemesiconfig2--><mail_order_sender attr_mail_order_sender=""></mail_order_sender><!---nsys-nemesiconfig2-->
	<!--nsys-nemesiconfig3--><mail_receiver attr_mail_receiver=""></mail_receiver><!---nsys-nemesiconfig3-->
	<mail_receiver2 attr_mail_receiver2=""></mail_receiver2>
	<mail_receiver3 attr_mail_receiver3=""></mail_receiver3>
	<mail_receiver4 attr_mail_receiver4=""></mail_receiver4>
	<!--nsys-nemesiconfig4--><mail_sender attr_mail_sender=""></mail_sender><!---nsys-nemesiconfig4-->
	<mail_server attr_mail_server="smtp.aruba.it"></mail_server>
	<mail_server_pwd attr_mail_server_pwd=""></mail_server_pwd>
	<mail_server_usr attr_mail_server_usr=""></mail_server_usr>
	<mail_user_bcc attr_mail_user_bcc=""></mail_user_bcc>
	<mail_user_cc attr_mail_user_cc=""></mail_user_cc>
	<!--nsys-nemesiconfig5--><mail_user_receiver attr_mail_user_receiver=""></mail_user_receiver><!---nsys-nemesiconfig5-->
	<!--nsys-nemesiconfig6--><mail_user_sender attr_mail_user_sender=""></mail_user_sender><!---nsys-nemesiconfig6-->
	<!--nsys-nemesiconfig7--><manage_sconti attr_manage_sconti="0"></manage_sconti><!---nsys-nemesiconfig7-->
	<minute_order_modify_permit attr_minute_order_modify_permit="1440"></minute_order_modify_permit>
	<num_max_attachments attr_num_max_attachments="2"></num_max_attachments>
	<show_ship_box attr_show_ship_box="1"></show_ship_box>
	<show_bills_box attr_show_bills_box="1"></show_bills_box>
	<show_user_field_on_direct_buy attr_show_user_field_on_direct_buy="0"></show_user_field_on_direct_buy>
	<!--nsys-nemesiconfig8--><srt_dbconn attr_srt_dbconn=""></srt_dbconn><!---nsys-nemesiconfig8-->
	<!--nsys-nemesiconfig9--><srt_default_server_name attr_srt_default_server_name=""></srt_default_server_name><!---nsys-nemesiconfig9-->
	<str_editor_lang_code_default attr_str_editor_lang_code_default="IT"></str_editor_lang_code_default>
	<str_lang_code_default attr_str_lang_code_default="IT"></str_lang_code_default>
	<use_aspupload_lib attr_use_aspupload_lib="0"></use_aspupload_lib>
	<use_https attr_use_https="0"></use_https>
	<use_innodb_table attr_use_innodb_table="0"></use_innodb_table>
	<use_locale attr_use_locale="1"></use_locale>
	<use_wizard_registration attr_use_wizard_registration="0"></use_wizard_registration>
	<disable_ecommerce attr_disable_ecommerce="0"></disable_ecommerce>
	<!--nsys-nemesiconfig10--><use_recaptcha attr_use_recaptcha="0"></use_recaptcha><!---nsys-nemesiconfig10-->
	<!--nsys-nemesiconfig11--><recaptcha_pub_key attr_recaptcha_pub_key=""></recaptcha_pub_key><!---nsys-nemesiconfig11-->
	<!--nsys-nemesiconfig12--><recaptcha_priv_key attr_recaptcha_priv_key=""></recaptcha_priv_key><!---nsys-nemesiconfig12-->
	<use_comments_filter attr_use_comments_filter="1"></use_comments_filter>
	<mail_comment_receiver attr_mail_comment_receiver=""></mail_comment_receiver>
	<use_url_rewrite attr_use_url_rewrite="0"></use_url_rewrite>
	<enable_international_tax_option attr_enable_international_tax_option="0"></enable_international_tax_option>
	<!--nsys-nemesiconfig13--><googlemaps_key attr_googlemaps_key=""></googlemaps_key>	<!---nsys-nemesiconfig13-->	
	<enable_user_content attr_enable_user_content="1"></enable_user_content>
	<!--nsys-nemesiconfig14--><enable_ads attr_enable_ads="0"></enable_ads>		<!---nsys-nemesiconfig14-->
	<!--nsys-nemesiconfig15--><analytics_account attr_analytics_account=""></analytics_account>	<!---nsys-nemesiconfig15-->	
</config>
