<demo_config>
	<demo_confirm_registration attr_demo_confirm_registration="1"></demo_confirm_registration>
	<demo_day_carrello_is_valid attr_demo_day_carrello_is_valid="7"></demo_day_carrello_is_valid>
	<demo_del_carrello_on_exit attr_demo_del_carrello_on_exit="0"></demo_del_carrello_on_exit>
	<demo_dir_down_prod attr_demo_dir_down_prod="/app_data/"></demo_dir_down_prod>
	<demo_dir_editor_upload attr_demo_dir_editor_upload="/public/upload/wysiwyg_editor/"></demo_dir_editor_upload>
	<demo_dir_upload_user attr_demo_dir_upload_user="/public/upload/files/user/"></demo_dir_upload_user>
	<demo_dir_upload_news attr_demo_dir_upload_news="/public/upload/files/news/"></demo_dir_upload_news>
	<demo_dir_upload_prod attr_demo_dir_upload_prod="/public/upload/files/prod/"></demo_dir_upload_prod>
	<demo_dir_upload_templ attr_demo_dir_upload_templ="/public/templates/"></demo_dir_upload_templ>
	<demo_mail_bcc attr_demo_mail_bcc=""></demo_mail_bcc>
	<demo_mail_cc attr_demo_mail_cc=""></demo_mail_cc>
	<demo_mail_order_bcc attr_demo_mail_order_bcc=""></demo_mail_order_bcc>
	<demo_mail_order_cc attr_demo_mail_order_cc=""></demo_mail_order_cc>
	<!--nsys-nemesiconfig1--><demo_mail_order_receiver attr_demo_mail_order_receiver=""></demo_mail_order_receiver><!---nsys-nemesiconfig1-->
	<!--nsys-nemesiconfig2--><demo_mail_order_sender attr_demo_mail_order_sender=""></demo_mail_order_sender><!---nsys-nemesiconfig2-->
	<!--nsys-nemesiconfig3--><demo_mail_receiver attr_demo_mail_receiver=""></demo_mail_receiver><!---nsys-nemesiconfig3-->
	<demo_mail_receiver2 attr_demo_mail_receiver2=""></demo_mail_receiver2>
	<demo_mail_receiver3 attr_demo_mail_receiver3=""></demo_mail_receiver3>
	<demo_mail_receiver4 attr_demo_mail_receiver4=""></demo_mail_receiver4>
	<!--nsys-nemesiconfig4--><demo_mail_sender attr_demo_mail_sender=""></demo_mail_sender><!---nsys-nemesiconfig4-->
	<demo_mail_server attr_demo_mail_server="smtp.aruba.it"></demo_mail_server>
	<demo_mail_server_pwd attr_demo_mail_server_pwd=""></demo_mail_server_pwd>
	<demo_mail_server_usr attr_demo_mail_server_usr=""></demo_mail_server_usr>
	<demo_mail_user_bcc attr_demo_mail_user_bcc=""></demo_mail_user_bcc>
	<demo_mail_user_cc attr_demo_mail_user_cc=""></demo_mail_user_cc>
	<!--nsys-nemesiconfig5--><demo_mail_user_receiver attr_demo_mail_user_receiver=""></demo_mail_user_receiver><!---nsys-nemesiconfig5-->
	<!--nsys-nemesiconfig6--><demo_mail_user_sender attr_demo_mail_user_sender=""></demo_mail_user_sender><!---nsys-nemesiconfig6-->
	<!--nsys-nemesiconfig7--><demo_manage_sconti attr_demo_manage_sconti="0"></demo_manage_sconti><!---nsys-nemesiconfig7-->
	<demo_minute_order_modify_permit attr_demo_minute_order_modify_permit="1440"></demo_minute_order_modify_permit>
	<demo_num_max_attachments attr_demo_num_max_attachments="2"></demo_num_max_attachments>
	<demo_show_ship_box attr_demo_show_ship_box="1"></demo_show_ship_box>
	<demo_show_bills_box attr_demo_show_bills_box="1"></demo_show_bills_box>
	<demo_show_user_field_on_direct_buy attr_demo_show_user_field_on_direct_buy="0"></demo_show_user_field_on_direct_buy>
	<!--nsys-nemesiconfig8--><demo_srt_dbconn attr_demo_srt_dbconn=""></demo_srt_dbconn><!---nsys-nemesiconfig8-->
	<!--nsys-nemesiconfig9--><demo_srt_default_server_name attr_demo_srt_default_server_name=""></demo_srt_default_server_name><!---nsys-nemesiconfig9-->
	<demo_str_editor_lang_code_default attr_demo_str_editor_lang_code_default="IT"></demo_str_editor_lang_code_default>
	<demo_str_lang_code_default attr_demo_str_lang_code_default="IT"></demo_str_lang_code_default>
	<demo_use_aspupload_lib attr_demo_use_aspupload_lib="0"></demo_use_aspupload_lib>
	<demo_use_https attr_demo_use_https="0"></demo_use_https>
	<demo_use_innodb_table attr_demo_use_innodb_table="0"></demo_use_innodb_table>
	<demo_use_locale attr_demo_use_locale="1"></demo_use_locale>
	<demo_use_wizard_registration attr_demo_use_wizard_registration="0"></demo_use_wizard_registration>
	<demo_disable_ecommerce attr_demo_disable_ecommerce="0"></demo_disable_ecommerce>
	<!--nsys-nemesiconfig10--><demo_use_recaptcha attr_demo_use_recaptcha="0"></demo_use_recaptcha><!---nsys-nemesiconfig10-->
	<!--nsys-nemesiconfig11--><demo_recaptcha_pub_key attr_demo_recaptcha_pub_key=""></demo_recaptcha_pub_key><!---nsys-nemesiconfig11-->
	<!--nsys-nemesiconfig12--><demo_recaptcha_priv_key attr_demo_recaptcha_priv_key=""></demo_recaptcha_priv_key><!---nsys-nemesiconfig12-->
	<demo_use_comments_filter attr_demo_use_comments_filter="1"></demo_use_comments_filter>
	<demo_mail_comment_receiver attr_demo_mail_comment_receiver=""></demo_mail_comment_receiver>
	<demo_use_url_rewrite attr_demo_use_url_rewrite="0"></demo_use_url_rewrite>
	<demo_enable_international_tax_option attr_demo_enable_international_tax_option="0"></demo_enable_international_tax_option>
	<!--nsys-nemesiconfig13--><demo_googlemaps_key attr_demo_googlemaps_key=""></demo_googlemaps_key>	<!---nsys-nemesiconfig13-->	
	<demo_enable_user_content attr_demo_enable_user_content="1"></demo_enable_user_content>
	<!--nsys-nemesiconfig14--><demo_enable_ads attr_demo_enable_ads="0"></demo_enable_ads>	<!---nsys-nemesiconfig14-->
	<!--nsys-nemesiconfig15--><demo_analytics_account attr_demo_analytics_account=""></demo_analytics_account><!---nsys-nemesiconfig15-->	
</demo_config>
